<?xml version="1.0" encoding="UTF-8"?>
<beans xmlns="http://www.springframework.org/schema/beans"
	xmlns:xsi="http://www.w3.org/2001/XMLSchema-instance"
	xmlns:context="http://www.springframework.org/schema/context"
	xmlns:tx="http://www.springframework.org/schema/tx"
	xsi:schemaLocation="http://www.springframework.org/schema/beans http://www.springframework.org/schema/beans/spring-beans.xsd
		http://www.springframework.org/schema/context http://www.springframework.org/schema/context/spring-context-4.2.xsd
		http://www.springframework.org/schema/tx http://www.springframework.org/schema/tx/spring-tx-4.2.xsd">


	<bean id="ece34dao" class="SpringTutorial48.ECE34DAO"></bean>
	<bean id="datasource"
		class="org.apache.commons.dbcp.BasicDataSource" destroy-method="close">
		<property name="username" value="${jdbc.username}"></property>
		<property name="password" value="${jdbc.password}"></property>
		<property name="driverClassName" value="${jdbc.driver}"></property>
		<property name="url" value="${jdbc.url}"></property>
	</bean>
	<context:annotation-config></context:annotation-config>
	<context:component-scan
		base-package="SpringTutorial48"></context:component-scan>
	<context:property-placeholder
		location="SpringTutorial48/jdbc48.properties" />
	<tx:annotation-driven />
	<bean id="transactionManager"
		class="org.springframework.jdbc.datasource.DataSourceTransactionManager">
	<property name="dataSource" ref="datasource"></property>
	</bean>
</beans>
