<?xml version="1.0" encoding="UTF-8"?>
<beans xmlns="http://www.springframework.org/schema/beans"
	xmlns:xsi="http://www.w3.org/2001/XMLSchema-instance"
	xmlns:jee="http://www.springframework.org/schema/jee"
	xsi:schemaLocation="http://www.springframework.org/schema/jee http://www.springframework.org/schema/jee/spring-jee-4.3.xsd
		http://www.springframework.org/schema/beans http://www.springframework.org/schema/beans/spring-beans.xsd">


	<bean id="amiti" class="com.database.amiti.Amiti"></bean>
	<bean id="amitiservicesdao"
		class="com.database.amiti.AmitiServicesDAO">
	<property name="dataSource" ref="dataSource"></property>
	</bean>
	<jee:jndi-lookup jndi-name="java:jboss/myoracle" id="dataSource"></jee:jndi-lookup>
	
	<!-- <jee:jndi-lookup jndi-name="java:/datasources/aucARadappl" id="dataSource"/> -->
</beans>
