<?xml version="1.0" encoding="UTF-8"?>
<beans xmlns="http://www.springframework.org/schema/beans"
	xmlns:xsi="http://www.w3.org/2001/XMLSchema-instance"
	xmlns:context="http://www.springframework.org/schema/context"
	xsi:schemaLocation="http://www.springframework.org/schema/beans http://www.springframework.org/schema/beans/spring-beans.xsd
		http://www.springframework.org/schema/context http://www.springframework.org/schema/context/spring-context-4.3.xsd">

	<bean id="randomCal" class="com.random.RandomCal">
		<property name="name" value="RandomCal"></property>
		<property name="randomClass" ref="randomClass"></property>
	</bean>

	<bean id="randomClass" class="com.random.RandomClass">
		<property name="name" value="RandomClass"></property>
	</bean>
	
	<import resource="database-tables.xml" />

	<bean id="dummy" class="com.resources.Dummy">
		<property name="randomCal" ref="randomCal"></property>
	</bean>

	<bean id="databaseTables" class="com.resources.DatabaseTables">
		<property name="amitiServicesDao" ref="amitiservicesdao"></property>
	</bean>
</beans>
