<?xml version="1.0" encoding="UTF-8"?>
<beans xmlns="http://www.springframework.org/schema/beans"
	xmlns:xsi="http://www.w3.org/2001/XMLSchema-instance"
	xmlns:jee="http://www.springframework.org/schema/jee"
	xmlns:context="http://www.springframework.org/schema/context"
	xsi:schemaLocation="http://www.springframework.org/schema/jee http://www.springframework.org/schema/jee/spring-jee-4.2.xsd
		http://www.springframework.org/schema/beans http://www.springframework.org/schema/beans/spring-beans.xsd
		http://www.springframework.org/schema/context http://www.springframework.org/schema/context/spring-context-4.2.xsd">


	<context:annotation-config></context:annotation-config>
	<context:component-scan base-package="spring8.spring8"></context:component-scan>
	<jee:jndi-lookup jndi-name="jdbc/myoracle"
		expected-type="javax.sql.DataSource" id="dataSource">
	</jee:jndi-lookup>
	<bean id="spring8DAO" class="spring8.spring8.Spring8DAO"></bean>
	
</beans>
