<?xml version="1.0" encoding="UTF-8"?>
<beans xmlns="http://www.springframework.org/schema/beans"
	xmlns:xsi="http://www.w3.org/2001/XMLSchema-instance"
	xmlns:jee="http://www.springframework.org/schema/jee"
	xsi:schemaLocation="http://www.springframework.org/schema/jee http://www.springframework.org/schema/jee/spring-jee-4.2.xsd
		http://www.springframework.org/schema/beans http://www.springframework.org/schema/beans/spring-beans.xsd">

	<bean id="ece34dao" class="com.ece.ECE34DAO">
		<property name="dataSource" ref="dataSource"></property>
	</bean>
	<bean id="login" class="com.login.Login"></bean>
	
	<import resource="filter-context.xml" />

	<bean id="logindao" class="com.login.LoginDAO">
		<property name="dataSource" ref="dataSource"></property>
	</bean>
</beans>
