<?xml version="1.0" encoding="UTF-8"?>
<beans:beans
	xmlns="http://www.springframework.org/schema/security"
	xmlns:beans="http://www.springframework.org/schema/beans"
	xmlns:xsi="http://www.w3.org/2001/XMLSchema-instance"
	xmlns:jee="http://www.springframework.org/schema/jee"
	xsi:schemaLocation="http://www.springframework.org/schema/security http://www.springframework.org/schema/security/spring-security.xsd
		http://www.springframework.org/schema/jee http://www.springframework.org/schema/jee/spring-jee-4.3.xsd
		http://www.springframework.org/schema/beans http://www.springframework.org/schema/beans/spring-beans.xsd">

	<jee:jndi-lookup jndi-name="java:jboss/myoracle"
		id="dataSource"></jee:jndi-lookup>

	<authentication-manager>
		<authentication-provider>
			<user-service>
				<user name="system" authorities="user,admin"
					password="password" />
			</user-service>
		</authentication-provider>
	</authentication-manager>

	<http>
		<intercept-url pattern="/myLogin" access="permitAll"/>
		<intercept-url pattern="/createuser" access="permitAll"/>
		<intercept-url pattern="/admin/**" access="hasAuthority('admin')"/>
		<intercept-url pattern="/**" access="hasAuthority('user')"/>
		<form-login login-page="/myLogin"
			authentication-failure-url="/myLogin?error"/>
	</http>

	<authentication-manager>
		<authentication-provider>
			<jdbc-user-service data-source-ref="dataSource" />
		</authentication-provider>
	</authentication-manager>

</beans:beans>
