<?xml version="1.0" encoding="UTF-8"?>
<!DOCTYPE hibernate-configuration SYSTEM 
"http://www.hibernate.org/dtd/hibernate-configuration-3.0.dtd">


<hibernate-configuration>

	<session-factory>
		<property name="hibernate.dialect">
			org.hibernate.dialect.Oracle9iDialect
		</property>

		<property name="hibernate.connection.driver_class">
			oracle.jdbc.driver.OracleDriver
		</property>

		<!-- Assume test is the database name -->

		<property name="hibernate.connection.url">
			jdbc:oracle:thin:@localhost:1521:orcl
		</property>

		<property name="hibernate.connection.username">
			SYSTEM
		</property>

		<property name="hibernate.connection.password">
			password
		</property>

		<property name="show_sql">true</property>
	</session-factory>

</hibernate-configuration>