<?xml version="1.0" encoding="UTF-8"?>
<beans xmlns="http://www.springframework.org/schema/beans"
	xmlns:xsi="http://www.w3.org/2001/XMLSchema-instance"
	xmlns:context="http://www.springframework.org/schema/context"
	xmlns:mvc="http://www.springframework.org/schema/mvc"
	xmlns:jee="http://www.springframework.org/schema/jee"
	xsi:schemaLocation="http://www.springframework.org/schema/mvc http://www.springframework.org/schema/mvc/spring-mvc-4.2.xsd
		http://www.springframework.org/schema/jee http://www.springframework.org/schema/jee/spring-jee-4.2.xsd
		http://www.springframework.org/schema/beans http://www.springframework.org/schema/beans/spring-beans.xsd
		http://www.springframework.org/schema/context http://www.springframework.org/schema/context/spring-context-4.2.xsd">


	<mvc:annotation-driven></mvc:annotation-driven>
	<context:annotation-config></context:annotation-config>

	<bean id="jspViewResolver"
		class="org.springframework.web.servlet.view.InternalResourceViewResolver">
		<property name="suffix" value=".jsp"></property>
		<property name="prefix" value="/WEB-INF/jsps/"></property>
	</bean>

	<context:component-scan
		base-package="com.controller"></context:component-scan>

	<bean id="spring8" class="com.spring.Spring8"></bean>

	<bean id="springdao" class="com.spring.SpringDAO">
		<property name="spring8" ref="spring8"></property>
		<property name="dataSource" ref="effectiveDataSource">
		</property>
	</bean>

	<!-- <bean id="effectiveDataSource" class="org.apache.commons.dbcp.BasicDataSource"> 
		<property name="username" value="SYSTEM"></property> <property name="password" 
		value="password"></property> <property name="url" value="jdbc:oracle:thin:@localhost:1521:orcl"> 
		</property> <property name="driverClassName" value="oracle.jdbc.driver.OracleDriver"></property> 
		</bean> -->

	<bean id="main" class="com.controller.Main">
		<property name="spring" ref="springdao"></property>
	</bean>

	
	<jee:jndi-lookup jndi-name="java:jboss/myoracle"
		id="effectiveDataSource">
	</jee:jndi-lookup>
</beans>
