<?xml version="1.0" encoding="UTF-8"?>
<beans xmlns="http://www.springframework.org/schema/beans"
	xmlns:xsi="http://www.w3.org/2001/XMLSchema-instance"
	xmlns:context="http://www.springframework.org/schema/context"
	xsi:schemaLocation="http://www.springframework.org/schema/beans http://www.springframework.org/schema/beans/spring-beans.xsd
		http://www.springframework.org/schema/context http://www.springframework.org/schema/context/spring-context-4.2.xsd">


	<context:annotation-config></context:annotation-config>
	<context:component-scan
		base-package="spring7.students"></context:component-scan>
	
	<bean id="studentsDao" class="spring7.students.StudentsDAO"></bean>
	
	<bean id="dataSource"
		class="org.apache.commons.dbcp.BasicDataSource">
	<property name="username" value="SYSTEM"></property>
	<property name="password" value="password"></property>
	<property name="url"
		value="jdbc:oracle:thin:@localhost:1521:orcl">
	</property>
	<property name="driverClassName"
		value="oracle.jdbc.driver.OracleDriver">
	</property>
	</bean>

</beans>
