<?xml version="1.0" encoding="UTF-8"?>
<beans xmlns="http://www.springframework.org/schema/beans"
	xmlns:xsi="http://www.w3.org/2001/XMLSchema-instance"
	xmlns:mvc="http://www.springframework.org/schema/mvc"
	xmlns:jee="http://www.springframework.org/schema/jee"
	xsi:schemaLocation="http://www.springframework.org/schema/mvc http://www.springframework.org/schema/mvc/spring-mvc-4.3.xsd
		http://www.springframework.org/schema/jee http://www.springframework.org/schema/jee/spring-jee-4.3.xsd
		http://www.springframework.org/schema/beans http://www.springframework.org/schema/beans/spring-beans.xsd">

	<jee:jndi-lookup jndi-name="java:jboss/myoracle"
		id="dataSource"></jee:jndi-lookup>

	<bean id="messageServices"
		class="com.email.processor.MessageAPIdao">
		<constructor-arg name="dataSource" ref="dataSource"></constructor-arg>
	</bean>

	<bean id="emailServices" class="com.email.processor.EmailServices">
		<constructor-arg name="fromEmail"
			value="rishabhjeet.gill@gmail.com">
		</constructor-arg>
		<constructor-arg name="password" value="oshingill"></constructor-arg>
		<constructor-arg name="smtpPort" value="587"></constructor-arg>
		<constructor-arg name="smtpHost"
			value="smtp.gmail.com"></constructor-arg>
	</bean>

	<bean id="emailBody" class="com.email.EmailBody">
		<property name="daoServices" ref="messageServices"></property>
	</bean>

</beans>
