<?xml version="1.0" encoding="UTF-8"?>
<beans xmlns="http://www.springframework.org/schema/beans"
	xmlns:xsi="http://www.w3.org/2001/XMLSchema-instance"
	xmlns:context="http://www.springframework.org/schema/context"
	xmlns:security="http://www.springframework.org/schema/security"
	xsi:schemaLocation="http://www.springframework.org/schema/security http://www.springframework.org/schema/security/spring-security-4.2.xsd
		http://www.springframework.org/schema/beans http://www.springframework.org/schema/beans/spring-beans.xsd
		http://www.springframework.org/schema/context http://www.springframework.org/schema/context/spring-context-4.3.xsd">
	
	<import resource="email.xml"/>

	<bean id="jspViewResolver"
		class="org.springframework.web.servlet.view.InternalResourceViewResolver">
		<property name="prefix" value="/WEB-INF/jsps/"></property>
		<property name="suffix" value=".jsp"></property>
	</bean>
	<context:annotation-config></context:annotation-config>
	<context:component-scan
		base-package="com.controller"></context:component-scan>

	<security:authentication-manager>
		<security:authentication-provider>
			<security:jdbc-user-service
				data-source-ref="dataSource" id="jdbcSecurity"
				users-by-username-query="select username,password,enabled from messageapi where username=?"
				authorities-by-username-query="select username,authority from messageapi where username=?"></security:jdbc-user-service>
		</security:authentication-provider>
	</security:authentication-manager>

	<security:http>
		<security:form-login login-page="/login"
			authentication-failure-url="/login?error"
			authentication-success-forward-url="/"/>
		<security:intercept-url access="permitAll"
			pattern="/login" />
		<security:intercept-url access="permitAll"
			pattern="/signup" />
		<security:intercept-url
			access="hasAuthority('user')" pattern="/*" />
	</security:http>

	<bean id="controller" class="com.controller.Controller">
		<constructor-arg name="daoServices"
			ref="messageServices"></constructor-arg>
		<constructor-arg name="emailServices"
			ref="emailServices"></constructor-arg>
	</bean>
</beans>
