<?xml version="1.0" encoding="UTF-8"?>
<beans xmlns="http://www.springframework.org/schema/beans"
	xmlns:xsi="http://www.w3.org/2001/XMLSchema-instance"
	xmlns:aop="http://www.springframework.org/schema/aop"
	xsi:schemaLocation="http://www.springframework.org/schema/beans http://www.springframework.org/schema/beans/spring-beans.xsd
		http://www.springframework.org/schema/aop http://www.springframework.org/schema/aop/spring-aop-4.2.xsd">


	<bean id="camera" class="spring9.tutorial77.Camera"></bean>
	<bean id="logger" class="spring9.tutorial77.Logger"></bean>
	<aop:config>
		<aop:pointcut
			expression="execution(void spring9.tutorial77.Camera.photo())"
			id="cameraphoto" />
		<aop:aspect id="loggeraspect" ref="logger">
			<aop:before method="cameraPhoto" pointcut-ref="cameraphoto"></aop:before>
		</aop:aspect>
	</aop:config>
</beans>
