<?xml version="1.0" encoding="UTF-8"?>
<beans xmlns="http://www.springframework.org/schema/beans"
	xmlns:xsi="http://www.w3.org/2001/XMLSchema-instance"
	xmlns:context="http://www.springframework.org/schema/context"
	xsi:schemaLocation="http://www.springframework.org/schema/beans http://www.springframework.org/schema/beans/spring-beans.xsd
		http://www.springframework.org/schema/context http://www.springframework.org/schema/context/spring-context-4.2.xsd">


	<bean id="deptdao" class="SpringTutorial45.DeptDAO"></bean>
	<bean id="datasource"
		class="org.apache.commons.dbcp.BasicDataSource"
		destroy-method="close">
		<property name="username" value="${jdbc.username}"></property>
		<property name="password" value="${jdbc.password}"></property>
		<property name="driverClassName" value="${jdbc.driver}"></property>
		<property name="url" value="${jdbc.url}"></property>
	</bean>
	<context:annotation-config></context:annotation-config>
	<context:component-scan
		base-package="SpringTutorial45"></context:component-scan>
	<context:property-placeholder
		location="SpringTutorial45/jdbc45.properties" />
</beans>
